District name,City,County name
Absecon Public School District,Absecon,Atlantic County
Academy Charter High School,Lake Como,Monmouth County
Academy For Urban Leadership,Perth Amboy,Middlesex County
Achieve Community Charter School,Newark,Essex County
Achievers Early College Prep Charter School,Trenton,Mercer County
Alexandria Township School District,Pittstown,Hunterdon County
Allamuchy Township School District,Allamuchy,Warren County
Allendale Board Of Education School District,Allendale,Bergen County
Alloway Twp School District,ALLOWAY,Salem County
Alpha Borough Public School District,Alpha,Warren County
Alpine Elementary School District,Alpine,Bergen County
Andover Regional School District,Newton,Sussex County
Area Vocational Technical School District Of Mercer County,Trenton,Mercer County
Asbury Park School District,Asbury Park,Monmouth County
Atlantic City Public School District,Atlantic City,Atlantic County
Atlantic Co JDC,Egg Harbor City,Atlantic County
Atlantic Community Charter School,Galloway,Atlantic County
Atlantic County Vocational School District,Mays Landing,Atlantic County
Atlantic Highlands School District,Atlantic Highlands,Monmouth County
Audubon Public School District,Audubon,Camden County
Avalon Elementary School District,Avalon,Cape May County
Avon-By-The-Sea School District,AVON,Monmouth County
Barnegat Township School District,Barnegat,Ocean County
Barrington School District,Barrington,Camden County
Bass River Township Board Of Education School District,NEW GRETNA,Burlington County
Bay Head Borough School District,Bay Head,Ocean County
Bayonne School District,Bayonne,Hudson County
Beach Haven School District,Beach Haven,Ocean County
Bedminster Township Public School District,Bedminster,Somerset County
Belleville Public School District,Belleville,Essex County
Bellmawr Public School District,Bellmawr,Camden County
Belmar Elementary School District,Belmar,Monmouth County
Beloved Community Charter School,Jersey City,Hudson County
Belvidere School District,Belvidere,Warren County
Benjamin Banneker Preparatory Charter School,Westampton,Burlington County
Bergen Arts And Sciences Charter School,Garfield,Bergen County
Bergen Co JDC,Paramus,Bergen County
Bergen County Vocational Technical School District,Paramus,Bergen County
Bergenfield Borough School District,Bergenfield,Bergen County
Berkeley Heights Public School District,Berkeley Heights,Union County
Berkeley Township School District,Bayville,Ocean County
Berlin Borough School District,Berlin,Camden County
Berlin Township School District,West Berlin,Camden County
Bernards Township Public School District,Basking Ridge,Somerset County
Bethlehem Township School District,Asbury,Hunterdon County
Beverly City School District,Beverly,Burlington County
Black Horse Pike Regional School District,Blackwood,Camden County
Blairstown Elementary Township School District,Blairstown,Warren County
Bloomfield Board Of Education School District,Bloomfield,Essex County
Bloomingdale School District,Bloomingdale,Passaic County
Bloomsbury School District,Bloomsbury,Hunterdon County
Bogota Public School District,Bogota,Bergen County
Boonton Town School District,Boonton,Morris County
Boonton Township Public School District,Boonton Township,Morris County
Bordentown Regional School District,Bordentown,Burlington County
Bound Brook School District,Bound Brook,Somerset County
Bradley Beach Elementary School District,Bradley Beach,Monmouth County
Branchburg Township School District,Branchburg,Somerset County
Brick Township Public School District,Brick,Ocean County
Bridgeton Public Charter School,Bridgeton,Cumberland County
Bridgeton Public School District,Bridgeton,Cumberland County
Bridgewater-Raritan Regional School District,Martinsville,Somerset County
Brielle Boro School District,Brielle,Monmouth County
Brigantine Public School District,Brigantine,Atlantic County
Brooklawn Public School District,Brooklawn,Camden County
Buena Regional School District,RICHLAND,Atlantic County
Burch Charter School Of Excellence,Irvington,Essex County
Burlington City Public School District,Burlington,Burlington County
Burlington Co JDC,MT HOLLY,Burlington County
Burlington County Institute Of Technology School District,Westampton,Burlington County
Burlington County Special Services School District,Westampton,Burlington County
Burlington Township Board Of Education School District,Burlington,Burlington County
Butler Public School District,Butler,Morris County
Byram Township Board Of Education School District,Stanhope,Sussex County
Caldwell-West Caldwell Public School District,West Caldwell,Essex County
Califon School District,Califon,Hunterdon County
Camden City Public School District,Camden,Camden County
Camden Co JDC,BLACKWOODLEX,Camden County
Camden Community Charter School,Camden,Camden
Camden County Technical School District,Sicklerville,Camden County
Camden Prep INC.,Camden,Camden County
Camdens Promise Charter School,Camden,Camden County
Cape May City Board Of Education School District,Cape May,Cape May County
Cape May County Technical High School District,Cape May Court House,Cape May County
Carlstadt Public School District,Carlstadt,Bergen County
Carlstadt-East Rutherford Regional High School District,East Rutherford,Bergen County
Carteret Public School District,Carteret,Middlesex County
Cedar Grove Township School District,Cedar Grove,Essex County
Central Jersey College Prep Charter School,Somerset,Somerset County
Central Regional School District,Bayville,Ocean County
Charter Technical High School For The Performing Arts,Somers Point,Atlantic County
Cherry Hill Township School District,Cherry Hill,Camden County
Chester School District,Chester,Morris County
Chesterfield Township School District,Chesterfield,Burlington County
Cinnaminson Township Public School District,Cinnaminson,Burlington County
Clark Township Public School District,Clark,Union County
Classical Academy Charter School Of Clifton,Clifton,Passaic County
Clayton Public School District,Clayton,Gloucester County
Clearview Regional High School District,Mullica Hill,Gloucester County
Clementon Elementary School District,Clementon,Camden County
Cliffside Park School District,Cliffside Park,Bergen County
Clifton Public School District,Clifton,Passaic County
Clinton Township School District,Lebanon,Hunterdon County
Clinton-Glen Gardner Board Of Education School District,Clinton,Hunterdon County
Closter Public School District,Closter,Bergen County
College Achieve Central Charter School,Plainfield,Union County
College Achieve Greater Asbury Park Charter School,Asbury Park,Monmouth County
College Achieve Paterson Charter School,Paterson,Passaic County
Collingswood Public School District,Collingswood,Camden County
Colts Neck Township School District,Colts Neck,Monmouth County
Commercial Township School District,Port Norris,Cumberland County
Community Charter School Of Paterson,Paterson,Passaic County
Compass Academy Charter School,Vineland,Cumberland County
Cranbury Township Board Of Education School District,Cranbury,Middlesex County
Cranford Public School District,Cranford,Union County
Cresskill Public School District,Cresskill,Bergen County
Cresthaven Academy Charter School,Plainfield,Union County
Cumberland County Board Of Vocational Education School District,Vineland,Cumberland County
Cumberland Regional School District,Bridgeton,Cumberland County
Deal Boro School District,Deal,Monmouth County
Deerfield Township School District,ROSENHAYN,Cumberland County
Delanco Township School District,Delanco,Burlington County
Delaware Township School District,Sergeantsville,Hunterdon County
Delaware Valley Regional High School District,Frenchtown,Hunterdon County
Delran Township School District,Delran,Burlington County
Delsea Regional High School District,Franklinville,Gloucester County
Demarest School District,Demarest,Bergen County
Dennis Township School District,CLERMONT,Cape May County
Denville Township Board Of Education School District,Denville,Morris County
Deptford Township Public School District,Deptford,Gloucester County
Discovery Charter School,Newark,Essex County
Dover Public School District,Dover,Morris County
Downe Township School District,Newport,Cumberland County
Dr Lena Edwards Academic Charter School,Jersey City,Hudson County
Dumont Public School District,Dumont,Bergen County
Dunellen Public School District,Dunellen,Middlesex County
Eagleswood Township School District,West Creek,Ocean County
East Amwell Township School District,Ringoes,Hunterdon County
East Brunswick Public School District,East Brunswick,Middlesex County
East Greenwich Township Board Of Education School District,Mickleton,Gloucester County
East Hanover Township School District,East Hanover,Morris County
East Newark School District,East Newark,Hudson County
East Orange Community Charter School,East Orange,Essex County
East Orange School District,East Orange,Essex County
East Rutherford School District,East Rutherford,Bergen County
East Windsor Regional School District,Hightstown,Mercer County
Eastampton Township School District,Eastampton,Burlington County
Eastern Camden County Regional School District,VOORHEES,Camden County
Eatontown Public School District,Eatontown,Monmouth County
Edgewater Park Township School District,Edgewater Park,Burlington County
Edgewater School District,Edgewater,Bergen County
Edison Township Public School District,Edison,Middlesex County
Educational Services Commission Of Morris County School District,Morris Plains,Morris County
Educational Services Commission Of New Jersey,Piscataway,Middlesex County
Egg Harbor City School District,Egg Harbor City,Atlantic County
Egg Harbor Township School District,Egg Harbor Township,Atlantic County
Elizabeth Public School District,Elizabeth,Union County
Elk Township School District,Glassboro,Gloucester County
Elmwood Park Board Of Education School District,Elmwood Park,Bergen County
Elsinboro Township School District,Salem,Salem County
Elysian Charter School,Hoboken,Hudson County
Emerson School District,Emerson,Bergen County
Empowerment Academy Charter School,Jersey City,Hudson County
Englewood Cliffs Public School District,Englewood Cliffs,Bergen County
Englewood On The Palisades Charter School,Englewood,Bergen County
Englewood Public School District,Englewood,Bergen County
Environment Community Opportunity (Eco) Charter School,Camden,Camden County
Essex Co JDC,Newark,Essex County
Essex County Vocational Technical School District,Newark,Essex County
Essex Fells School District,Essex Fells,Essex County
Essex Regional Educational Services Commission School District,Fairfield,Essex County
Estell Manor City School District,Estell Manor,Atlantic County
Evesham Township School District,Marlton,Burlington County
Ewing Township Public School District,Ewing,Mercer County
Fair Haven School District,Fair Haven,Monmouth County
Fair Lawn Public School District,Fair Lawn,Bergen County
Fairfield Public School District,Fairfield,Essex County
Fairfield Township School District,Bridgeton,Cumberland County
Fairview Public School District,Fairview,Bergen County
Farmingdale Board Of Education School District,Farmingdale,Monmouth County
Flemington-Raritan Regional School District,Flemington,Hunterdon County
Florence Township School District,Florence,Burlington County
Florham Park Public School District,Florham Park,Morris County
Folsom Borough School District,Folsom,Atlantic County
Fort Lee Public School District,Fort Lee,Bergen County
Foundation Academy Charter School,Trenton,Mercer County
Frankford Township School District,Branchville,Sussex County
Franklin Borough School District,Franklin,Sussex County
Franklin Lakes Public School District,Franklin Lakes,Bergen County
Franklin Township Board Of Education School District,Franklinville,Gloucester County
Franklin Township Public School District,Somerset,Somerset County
Franklin Township School District,Quakertown,Hunterdon County
Franklin Township School District,Washington,Warren County
Fredon Township School District,Newton,Sussex County
Freedom Academy Charter School,Camden,Camden County
Freehold Borough Public School District,Freehold,Monmouth County
Freehold Regional High School District,Englishtown,Monmouth County
Freehold Township School District,Freehold,Monmouth County
Frelinghuysen Township School District,Newton,Warren County
Frenchtown School District,Frenchtown,Hunterdon County
Galloway Township Public School District,Galloway,Atlantic County
Garfield Public School District,Garfield,Bergen County
Garwood Boro School District,Garwood,Union County
Gateway Regional School District,Woodbury Heights,Gloucester County
Gibbsboro Elementary School District,Gibbsboro,Camden County
Glassboro Public School District,Glassboro,Gloucester County
Glen Ridge Public School District,Glen Ridge,Essex County
Glen Rock Public School District,Glen Rock,Bergen County
Gloucester City Public School District,Gloucester City,Camden County
Gloucester County Vocational-Technical School District,Sewell,Gloucester County
Gloucester Township Public School District,Blackwood,Camden County
Gray Charter School,Newark,Essex County
Great Futures Charter School,Jersey City,Hudson
Great Meadows Regional School District,Great Meadows,Warren County
Great Oaks Charter School,Newark,Essex County
Greater Brunswick Charter School,New Brunswick,Middlesex County
Greater Egg Harbor Regional High School District,Mays Landing,Atlantic County
Green Brook Township Public School District,Green Brook,Somerset County
Green Township School District,Greendell,Sussex County
Greenwich Township School District,Greenwich,Cumberland County
Greenwich Township School District,Gibbstown,Gloucester County
Greenwich Township School District,Stewartsville,Warren County
Guttenberg School District,Guttenberg,Hudson County
Hackensack City School District,Hackensack,Bergen County
Hackettstown Public School District,Hackettstown,Warren County
Haddon Heights School District,Haddon Heights,Camden County
Haddon Township School District,WESTMONT,Camden County
Haddonfield Board Of Education School District,Haddonfield,Camden County
Hainesport Township School District,Hainesport,Burlington County
Haledon Public School District,Haledon,Passaic County
Hamburg School District,Hamburg,Sussex County
Hamilton School District - Pace Charter School Of Hamilton,Hamilton,Mercer County
Hamilton Township Public School District,Hamilton,Mercer County
Hamilton Township School District,MAYS LANDING,Atlantic County
Hammonton School District,Hammonton,Atlantic County
Hampton Borough Public School District,Hampton,Hunterdon County
Hanover Park Regional High School District,East Hanover,Morris County
Hanover Township Board Of Education School District,Whippany,Morris County
Harding Township School District,New Vernon,Morris County
Hardyston Township School District,Hamburg,Sussex County
Harmony Township School District,Phillipsburg,Warren County
Harrington Park School District,Harrington Park,Bergen County
Harrison Public School District,Harrison,Hudson County
Harrison Township School District,Mullica Hill,Gloucester County
Hasbrouck Heights Board Of Education School District,Hasbrouck Heights,Bergen County
Hatikvah International Academy Charter School,East Brunswick,Middlesex County
Haworth Public School District,Haworth,Bergen County
Hawthorne Board Of Education School District,Hawthorne,Passaic County
Hazlet Township Public School District,Hazlet,Monmouth County
Henry Hudson Regional School District,Highlands,Monmouth County
High Bridge Borough School District,High Bridge,Hunterdon County
High Point Regional High School District,Sussex,Sussex County
Highland Park Board Of Education School District,Highland Park,Middlesex County
Highlands Elementary School District,Highlands,Monmouth County
Hillsborough Township Public School District,Hillsborough,Somerset County
Hillsdale Board Of Education School District,Hillsdale,Bergen County
Hillside Board Of Education School District,Hillside,Union County
Ho-Ho-Kus School District,Ho-Ho-Kus,Bergen County
Hoboken Charter School,Hoboken,Hudson County
Hoboken Dual Language Charter School,Hoboken,Hudson County
Hoboken Public School District,Hoboken,Hudson County
Holland Township School District,Milford,Hunterdon County
Holmdel Township School District,Holmdel,Monmouth County
Hopatcong Borough School District,Hopatcong,Sussex County
Hope Academy Charter School,Asbury Park,Monmouth County
Hope Community Charter School,Camden,Camden County
Hope Township School District,Hope,Warren County
Hopewell Township School District,Bridgeton,Cumberland County
Hopewell Valley Regional School District,Pennington,Mercer County
Howell Township Public School District,Farmingdale,Monmouth County
Hudson Arts and Sciences Charter,Kearny,Hudson County
Hudson County School District Of Technology,Secaucus,Hudson County
Hunterdon Central Regional High School District,Flemington,Hunterdon County
Hunterdon County Educational Services Commission School District,Califon,Hunterdon County
Hunterdon County Vocational School District,Flemington,Hunterdon County
International Academy Of Atlantic City Charter School,Egg Harbor Township,Atlantic County
International Academy Of Trenton Charter School,Trenton,Mercer
International Charter School Of Trenton,Trenton,Mercer County
Irvington Board Of Education School District,Irvington,Essex County
Island Heights Board Of Education School District,Island Heights,Ocean County
Jackson Township School District,Jackson,Ocean County
Jamesburg Public School District,Jamesburg,Middlesex County
Jefferson Township School District,Lake Hopatcong,Morris County
Jersey City Community Charter School,Jersey City,Hudson County
Jersey City Global Charter School,Jersey City,Hudson County
Jersey City Golden Door Charter School,Jersey City,Hudson County
Jersey City Public School District,Jersey City,Hudson County
John P Holland Charter School,Paterson,Passaic County
Keansburg School District,Keansburg,Monmouth County
Kearny School District,Kearny,Hudson County
Kenilworth School District,Kenilworth,Union County
Keyport School District,Keyport,Monmouth County
Kingsway Regional School District,Woolwich Twp.,Gloucester County
Kingwood Township School District,Frenchtown,Hunterdon County
Kinnelon Board Of Education School District,Kinnelon,Morris County
Kipp: Cooper Norcross A New Jersey Nonprofit Corporation,Camden,Camden County
Kittatinny Regional School District,Newton,Sussex County
Knowlton Township Board Of Education School District,Delaware,Warren County
Lacey Township School District,Lanoka Harbor,Ocean County
Lady Liberty Academy Charter School,Newark,Essex
Lafayette Township School District,Lafayette,Sussex County
Lakehurst Elementary School District,Lakehurst,Ocean County
Lakeland Regional High School District,Wanaque,Passaic County
Lakewood Township School District,Lakewood,Ocean County
Lambertville Public School District,Lambertville,Hunterdon
Laurel Springs School District,Laurel Springs,Camden County
Lavallette Borough Board Of Education School District,Lavallette,Ocean County
Lawnside School District,Lawnside,Camden County
Lawrence Township Public School District,Lawrenceville,Mercer County
Lawrence Township School District,Cedarville,Cumberland County
Lead Charter School,New Brunswick,Middlesex County
Leap Academy University Charter School,Camden,Camden County
Lebanon Borough School District,Lebanon Borough,Hunterdon County
Lebanon Township School District,Califon,Hunterdon County
Lenape Regional High School District,Shamong,Burlington County
Lenape Valley Regional Highschool District,Stanhope,Sussex County
Leonia Public School District,Leonia,Bergen County
Lincoln Park School District,Lincoln Park,Morris County
Linden Public School District,Linden,Union County
Lindenwold Board Of Education School District,Lindenwold,Camden County
Link Community Charter School,Newark,Essex County
Linwood City School District,Linwood,Atlantic County
Little Egg Harbor Township School District,Little Egg Harbor,Ocean County
Little Falls Township Public School District,Little Falls,Passaic County
Little Ferry Public School District,Little Ferry,Bergen County
Little Silver Boro School District,Little Silver,Monmouth County
Livingston Public School District,Livingston,Essex County
Lodi Public School District,Lodi,Bergen County
Logan Township School District,Logan Township,Gloucester County
Long Beach Island Consolidated School District,Ship Bottom,Ocean County
Long Branch Public School District,Long Branch,Monmouth County
Long Hill Township School District,Gillette,Morris County
Lopatcong Township School District,Phillipsburg,Warren County
Lower Alloways Creek School District,Salem,Salem County
Lower Cape May Regional School District,Cape May,Cape May County
Lower Township Elementary School District,Cape May,Cape May County
Lumberton Township Board Of Education School District,Lumberton,Burlington County
Lyndhurst School District,Lyndhurst,Bergen County
M.E.T.S. Charter School,Jersey City,Hudson County
Madison School District,Madison,Morris County
Magnolia School District,Magnolia,Camden County
Mahwah Township Public School District,Mahwah,Bergen County
Mainland Regional High School District,Linwood,Atlantic County
Manalapan-Englishtown Regional School District,Englishtown,Monmouth County
Manasquan School District,Manasquan,Monmouth County
Manchester Township School District,Whiting,Ocean County
Mannington Township School District,Salem,Salem County
Mansfield Township Elementary School District,Port Murray,Warren County
Mansfield Township School District,Columbus,Burlington County
Mantua Township Board Of Education School District,Sewell,Gloucester County
Manville Board Of Education School District,Manville,Somerset County
Maple Shade School District,Maple Shade,Burlington County
Margate City School District,Margate,Atlantic County
Maria Varisco Rogers Charter School,Newark,Essex County
Marian McKeown School District,Newton,Sussex County
Marie H. Katzenbach School For The Deaf,West Trenton,Mercer County
Marion P. Thomas Charter School,Newark,Essex County
Marlboro Township Board Of Education School District,Marlboro,Monmouth County
Mastery Schools Of Camden Inc.,Camden,Camden County
Matawan-Aberdeen Regional School District,Aberdeen,Monmouth County
Maurice River Township Elementary School District,PORT ELIZABETH,Cumberland County
Maywood School District,Maywood,Bergen County
Medford Lakes School District,Medford Lakes,Burlington County
Medford Township Public School District,Medford,Burlington County
Mendham Borough School District,Mendham,Morris County
Mendham Township Board Of Education School District,Brookside,Morris County
Merchantville School District,Merchantville,Camden County
Merit Preparatory Charter School Of Newark,Newark,Essex
Metuchen Public School District,Metuchen,Middlesex County
Middle Township Public School District,Cape May Court House,Cape May County
Middlesex Borough Public School District,Middlesex,Middlesex County
Middlesex Co JDC,New Brunswick,
Middlesex County STEM Charter School,Perth Amboy,Middlesex County
Middlesex County Vocational And Technical School District,East Brunswick,Middlesex County
Middletown Township Public School District,Leonardo,Monmouth County
Midland Park Public School District,Midland Park,Bergen County
Milford Boro School District,Milford,Hunterdon County
Millburn Township School District,Millburn,Essex County
Millstone Township School District,Millstone Township,Monmouth County
Milltown Borough Public School District,Milltown,Middlesex County
Millville Board Of Education School District,Millville,Cumberland County
Millville Public Charter School,Millville,Cumberland County
Mine Hill Township School District,Mine Hill,Morris County
Monmouth Beach Elementary School District,Monmouth Beach,Monmouth County
Monmouth County Vocational School District,Freehold,Monmouth County
Monmouth Regional School District,Tinton Falls,Monmouth County
Monmouth-Ocean Educational Services Commission School District,Tinton Falls,Monmouth County
Monroe Township Board Of Education School District,Monroe Township,Middlesex County
Monroe Township Public School District,Williamstown,Gloucester County
Montague Township School District,Montague,Sussex County
Montclair Public School District,Montclair,Essex County
Montgomery Township School District,Skillman,Somerset County
Montvale Board Of Education School District,Montvale,Bergen County
Montville Township School District,Montville,Morris County
Moonachie School District,Moonachie,Bergen County
Moorestown Township School District,Moorestown,Burlington County
Morris Co JDC,Morristown,Morris County
Morris County Vocational School District,Denville,Morris County
Morris Hills Regionalschool District,Rockaway,Morris County
Morris Plains School District,Morris Plains,Morris County
Morris School District,Morristown,Morris County
Mount Arlington Public School District,Mount Arlington,Morris County
Mount Holly Township Public School District,Mt. Holly,Burlington County
Mount Laurel Township School District,Mount Laurel,Burlington County
Mount Olive Township School District,Flanders,Morris County
Mountain Lakes Board Of Education School District,Mountain Lakes,Morris County
Mountainside School District,Mountainside,Union County
Mt. Ephraim School District,Mt. Ephraim,Camden County
Mullica Township School District,Hammonton,Atlantic County
National Park Boro School District,National Park,Gloucester County
Neptune City School District,Neptune City,Monmouth County
Neptune Township School District,Neptune Twp,Monmouth County
Netcong Elementary School District,Netcong,Morris County
New Brunswick Public School District,New Brunswick,Middlesex County
New Hanover Township School District,Wrightstown,Burlington County
New Horizons Community Charter School,Newark,Essex County
New Milford School District,New Milford,Bergen County
New Providence Board Of Education School District,New Providence,Union County
Newark Educators Community Charter School,Newark,Essex County
Newark Prep Charter School,Newark,Essex
Newton Public School District,Newton,Sussex County
North Arlington School District,North Arlington,Bergen County
North Bergen School District,North Bergen,Hudson County
North Brunswick Township Public School District,North Brunswick,Middlesex County
North Caldwell Board Of Education School District,North Caldwell,Essex County
North Haledon School District,North Haledon,Passaic County
North Hanover Township School District,Wrightstown,Burlington County
North Hunterdon-Voorhees Regional High School District,Annandale,Hunterdon County
North Plainfield Boro School District,North Plainfield,Somerset County
North Star Academy Charter School Of Newark,Newark,Essex County
North Warren Regional School District,Blairstown,Warren County
North Wildwood School District,North Wildwood,Cape May County
Northern Burlington County Regional School District,Columbus,Burlington County
Northern Highlands Regional High School District,Allendale,Bergen County
Northern Valley Regional High School District,Demarest,Bergen County
Northfield City School District,Northfield,Atlantic County
Northvale Public School District,Northvale,Bergen County
Norwood Public School District,Norwood,Bergen County
Nutley Public School District,Nutley,Essex County
Oakland Public School District,Oakland,Bergen County
Oaklyn Public School District,Oaklyn,Camden County
Ocean Academy Charter School,Lakewood,Ocean County
Ocean City School District,Ocean City,Cape May County
Ocean Co JDC,Toms River,Ocean County
Ocean County Vocational Technical School District,Toms River,Ocean County
Ocean Gate School District,Ocean Gate,Ocean County
Ocean Township School District,Waretown,Ocean County
Oceanport School District,Oceanport,Monmouth County
Office Of Education Department Of Children And Families School District,WEST TRENTON,Mercer County
Office Of Education Juvenile Justice Commission School District,Trenton,Mercer County
Ogdensburg Borough School District,Ogdensburg,Sussex County
Old Bridge Township School District,Matawan,Middlesex County
Old Tappan Public School District,Old Tappan,Bergen County
Oldmans Township School District,Pedricktown,Salem County
Oradell School District,Oradell,Bergen County
Orange Board Of Education School District,ORANGE,Essex County
Oxford Township School District,Oxford,Warren County
Palisades Park Board Of Education School District,Palisades Park,Bergen County
Palmyra Public School District,Palmyra,Burlington County
Paramus Public School District,Paramus,Bergen County
Park Ridge Public School District,Park Ridge,Bergen County
Parsippany-Troy Hills Township School District,Parsippany,Morris County
Pascack Valley Regional High School District,Montvale,Bergen County
Passaic Arts And Science Charter School,Passaic,Passaic County
Passaic City Public School District,Passaic,Passaic County
Passaic County Educational Services Commission School District,Wayne,Passaic County
Passaic County Manchester Regional High School District,Haledon,Passaic County
Passaic County Vocational School District,Wayne,Passaic County
Passaic Valley Regional High School District #1,Little Falls,Passaic County
Paterson Arts And Science Charter School,Paterson,Passaic County
Paterson Charter School For Science And Technology,Paterson,Passaic County
Paterson Public School District,Paterson,Passaic County
Paul Robeson Charter School For The Humanities,Trenton,Mercer County
Paulo Freire Charter School,Newark,Essex
Paulsboro Public School District,Paulsboro,Gloucester County
Pemberton Township School District,Pemberton,Burlington County
Penns Grove-Carneys Point Regional School District,Penns Grove,Salem County
Pennsauken Township Board Of Education School District,PENNSAUKEN,Camden County
Pennsville Public School District,Pennsville,Salem County
Peoples Preparatory Charter School,Newark,Essex County
Pequannock Township School District,Pompton Plains,Morris County
Perth Amboy Public School District,Perth Amboy,Middlesex County
Philips Academy Charter School Of Paterson,Paterson,Passaic County
Phillip's Academy Charter School,Newark,Essex County
Phillipsburg School District,Phillipsburg,Warren County
Pine Hill School District,Pine Hill,Camden County
Pinelands Regional School District,Little Egg Harbor,Ocean County
Piscataway Township School District,Piscataway,Middlesex County
Pitman Boro Public School District,Pitman,Gloucester County
Pittsgrove Township Board Of Education School District,Pittsgrove,Salem County
Plainfield Public School District,Plainfield,Union County
Pleasantville Public School District,Pleasantville,Atlantic County
Plumsted Township Board Of Education School District,New Egypt,Ocean County
Pohatcong Township School District,Phillipsburg,Warren County
Point Pleasant Beach Board Of Education School District,Point Pleasant Beach,Ocean County
Point Pleasant Borough Board Of Education School District,Point Pleasant,Ocean County
Pompton Lakes Boro School District,Pompton Lakes,Passaic County
Port Republic School District,Port Republic,Atlantic County
Pride Academy Charter School,East Orange,Essex County
Princeton Charter School,Princeton,Mercer County
Princeton Public School District,Princeton,Mercer County
Prospect Park School District,Prospect Park,Passaic County
Quinton Township Board Of Education School District,QUINTON,Salem County
Rahway Public School District,Rahway,Union County
Ramapo Indian Hills Regional High School District,Oakland,Bergen County
Ramsey Public School District,Ramsey,Bergen County
Rancocas Valley Regional High School District,Mount Holly,Burlington County
Randolph Township School District,Randolph,Morris County
Readington Township Public School District,Whitehouse Station,Hunterdon County
Red Bank Borough Public School District,Red Bank,Monmouth County
Red Bank Charter School,Red Bank,Monmouth County
Red Bank Regional School District,Little Silver,Monmouth County
Ridge And Valley Charter School,Blairstown,Warren County
Ridgefield Park Township School District,Ridgefield Park,Bergen County
Ridgefield Public School District,Ridgefield,Bergen County
Ridgewood Public School District,Ridgewood,Bergen County
Ringwood School District,Ringwood,Passaic County
River Dell Regional School District,River Edge,Bergen County
River Edge School District,River Edge,Bergen County
River Vale Public School District,River Vale,Bergen County
Riverbank Charter School,Roebling,Burlington County
Riverdale School District,Riverdale,Morris County
Riverside Township School District,Riverside,Burlington County
Riverton School District,Riverton,Burlington County
Robbinsville Public School District,Robbinsville,Mercer County
Robert Treat Academy Charter School,Newark,Essex County
Rochelle Park School District,Rochelle Park,Bergen County
Rockaway Borough Public School District,Rockaway,Morris County
Rockaway Township School District,Hibernia,Morris County
Roosevelt Public School District,Roosevelt,Monmouth County
Roseland School District,Roseland,Essex County
Roselle Park Board Of Education School District,Roselle Park,Union County
Roselle Public School District,Roselle,Union County
Roseville Community Cs,Newark,Essex County
Roxbury Township School District,Succasunna,Morris County
Rumson Borough School District,Rumson,Monmouth County
Rumson-Fair Haven Regional High School District,Rumson,Monmouth County
Runnemede Public School District,Runnemede,Camden County
Rutherford Public School District,Rutherford,Bergen County
Saddle Brook School District,Saddle Brook,Bergen County
Saddle River School District,Saddle River,Bergen County
Salem City Board Of Education School District,Salem,Salem County
Salem County Special Services School District,Woodstown,Salem County
Salem County Vocational Technical School District,Woodstown,Salem County
Sandyston-Walpack Consolidated School District,Layton,Sussex County
Sayreville Public School District,South Amboy,Middlesex County
Scotch Plains-Fanwood School District,Scotch Plains,Union County
Sea Girt Borough Public School District,Sea Girt,Monmouth County
Seaside Heights School District,Seaside Heights,Ocean County
Secaucus Board Of Education School District,Secaucus,Hudson County
Shamong Township School District,Shamong,Burlington County
Shore Regional High School District,West Long Branch,Monmouth County
Shrewsbury Borough School District,Shrewsbury,Monmouth County
Soaraing Heights Charter School,Jersey City,Hudson County
Somerdale Public School District,Somerdale,Camden County
Somers Point School District,Somers Point,Atlantic County
Somerset County Vocational And Technical School District,Bridgewater,Somerset County
Somerset Hills Regional School District,Bernardsville,Somerset County
Somerville Borough School District,Somerville,Somerset County
South Amboy School District,South Amboy,Middlesex County
South Bound Brook Public School District,South Bound Brook,Somerset County
South Brunswick School District,North Brunswick,Middlesex County
South Hackensack School District,South Hackensack,Bergen County
South Harrison Township School District,Harrisonville,Gloucester County
South Hunterdon Regional School District,Lambertville,Hunterdon County
South Orange-Maplewood School District,Maplewood,Essex County
South Plainfield Public School District,South Plainfield,Middlesex County
South River Public School District,South River,Middlesex County
Southampton Township School District,Southampton,Burlington County
Southern Regional School District,Manahawkin,Ocean County
Sparta Township Public School District,Sparta,Sussex County
Spotswood Public School District,Spotswood,Middlesex County
Spring Lake Borough School District,Spring Lake,Monmouth County
Spring Lake Heights School District,Spring Lake Heights,Monmouth County
Springfield Public School District,Springfield,Union County
Springfield Township School District,Jobstown,Burlington County
Stafford Township School District,Manahawkin,Ocean County
Stanhope School District,Stanhope,Sussex County
Sterling School District,Somerdale,Camden County
Stillwater Township School District,Stillwater,Sussex County
Stone Harbor Elementary School District,Stone Harbor,Cape May County
Stow Creek Township School District,Bridgeton,Cumberland County
Stratford School District,Stratford,Camden County
Summit Public School District,Summit,Union County
Sussex County Charter School For Technology,Sparta,Sussex County
Sussex County Technical School District,Sparta,Sussex County
Sussex-Wantage Regional School District,Sussex,Sussex County
Swedesboro-Woolwich Board Of Education School District,WOOLWICH TWP,Gloucester County
Tabernacle Township School District,Tabernacle,Burlington County
Team Academy Charter School,Newark,Essex County
Teaneck Community Charter School,Teaneck,Bergen County
Teaneck Public School District,Teaneck,Bergen County
Tenafly Public School District,Tenafly,Bergen County
Tewksbury Township School District,Califon,Hunterdon County
The Barack Obama Green Charter High,Plainfield,Union County
The Ethical Community Charter School,Jersey City,Hudson County
The Kingdom Charter School Of Leadership School District,Blackwood,Camden County
The Learning Community Charter School,Jersey City,Hudson County
The Newark Public School District,Newark,Essex County
The Queen City Academy Charter School,Plainfield,Union County
The School District Of The Chathams,Chatham,Morris County
The Village Charter School,Trenton,Mercer County
Thomas Edison Energysmart Charter School,Somerset,Somerset County
Tinton Falls School District,Tinton Falls,Monmouth County
Toms River Regional School District,Toms River,Ocean County
Totowa Public School District,Totowa,Passaic County
Township Of Ocean School District,Oakhurst,Monmouth County
Trenton Public School District,Trenton,Mercer County
Trenton Stem-To-Civics Charter School,Ewing,Mercer County
Tuckerton Borough School District,Tuckerton,Ocean County
Twp Of Union Board Of Education School District,Union,Union County
Union Beach Public School District,Union Beach,Monmouth County
Union City School District,Union City,Hudson County
Union County Educational Services Commission School District,Westfield,Union County
Union County Teams Charter School-High School,Plainfield,Union County
Union County Vocational-Technical School District,Scotch Plains,Union County
Union Township School District,Hampton,Hunterdon County
Unity Charter School,Morristown,Morris County
University Academy Charter High School,Jersey City,Hudson County
University Heights Charter School,Newark,Essex County
Upper Deerfield Township School District,Seabrook,Cumberland County
Upper Freehold Regional School District,Allentown,Monmouth County
Upper Pittsgrove Twp School District,Monroeville,Salem County
Upper Saddle River School District,Upper Saddle River,Bergen County
Upper Township School District,Petersburg,Cape May County
Ventnor City School District,Ventnor City,Atlantic County
Vernon Township School District,Vernon,Sussex County
Verona Public School District,Verona,Essex County
Vineland Public Charter School,Vineland,Cumberland County
Vineland Public School District,Vineland,Cumberland County
Voorhees Township Board Of Education School District,Voorhees,Camden County
Waldwick School District,Waldwick,Bergen County
Wall Township Public School District,Wall,Monmouth County
Wallington Boro School District,Wallington,Bergen County
Wallkill Valley Regional High School District,HARDYSTON TOWNSHIP,Sussex County
Wanaque Public School District,Haskell,Passaic County
Warren County Special Services School District,Oxford,Warren County
Warren County Technical School District,Washington,Warren County
Warren Hills Regional School District,Washington,Warren County
Warren Township School District,Warren,Somerset County
Washington Borough School District,Washington,Warren County
Washington Township Public School District,Long Valley,Morris County
Washington Township Public School District,Washington,Warren County
Washington Township School District,Sewell,Gloucester County
Watchung Borough Public School District,Watchung,Somerset County
Watchung Hills Regional High School District,Warren,Somerset County
Waterford Township Public School District,Waterford,Camden County
Wayne Township Public School District,Wayne,Passaic County
Weehawken Board Of Education School District,Weehawken,Hudson County
Wenonah Boro School District,Wenonah,Gloucester County
West Cape May Elementary School District,West Cape May,Cape May County
West Deptford Township Public School District,West Deptford,Gloucester County
West Essex Regional School District,North Caldwell,Essex County
West Long Branch Board Of Education School District,West Long Branch,Monmouth County
West Milford Township Public School District,West Milford,Passaic County
West Morris Regional High School District,Chester,Morris County
West New York Board Of Education School District,West New York,Hudson County
West Orange Public School District,West Orange,Essex County
West Windsor-Plainsboro Regional School District,West Windsor,Mercer County
Westampton Township Public School District,Westampton,Burlington County
Westfield Public School District,Westfield,Union County
Westville Boro Public School District,Westville,Gloucester County
Westwood Regional School District,Township of Washington,Bergen County
Weymouth Township School District,Dorothy,Atlantic County
Wharton Borough Board Of Education School District,Wharton,Morris County
White Township School District,Belvidere,Warren County
Wildwood City Board Of Education School District,Wildwood,Cape May County
Wildwood Crest Borough School District,Wildwood Crest,Cape May County
Willingboro Public School District,Willingboro,Burlington County
Winfield Township School District,Winfield Twp,Union County
Winslow Township School District,Atco,Camden County
Wood-Ridge Board Of Education School District,Wood-Ridge,Bergen County
Woodbine School District,Woodbine,Cape May County
Woodbridge Township School District,WOODBRIDGE,Middlesex County
Woodbury City Public School District,Woodbury,Gloucester County
Woodbury Heights Public School District,Woodbury Heights,Gloucester County
Woodcliff Lake School District,Woodcliff Lake,Bergen County
Woodland Park Public School District,Woodland Park,Passaic County
Woodland Township Board Of Education School District,Chatsworth,Burlington County
Woodlynne Boro Public School District,Woodlynne,Camden County
Woodstown-Pilesgrove Regional School District,Woodstown,Salem County
Wyckoff Township Public School District,Wyckoff,Bergen County